x,y,z,yaw,velocity,change_flag,steering_flag,accel_flag,stop_flag,event_flag
268.60110718221404,-894.9431115202606,34.67123072948307,-138.0360894928333,2.7723594859024563,0,0,0,0,0
267.84536724333884,-895.635495165363,34.6784597074613,-138.0351092682738,3.2647263562356508,0,2,0,0,0
267.0734381066868,-896.34648047667,34.68379671480507,-138.07574386142207,3.7157067324175,0,2,0,0,0
266.3270506322733,-897.026044420898,34.7177440205589,-137.97208005347792,4.065691569884165,0,2,0,0,0
265.5763419162831,-897.7114233719185,34.71938635762781,-137.83120457759426,4.3996406220710504,0,2,0,0,0
264.7739431494265,-898.4518778752536,34.718074104562405,-137.7856652667897,4.695147667530898,0,2,0,0,0
263.9937724233605,-899.1684631584212,34.73063576668501,-137.71824170755008,4.929523489259636,0,2,0,0,0
263.2597360353684,-899.8525746781379,34.73710497263819,-138.0949056533071,5.0864030077913345,0,2,0,0,0
262.4990175209823,-900.5349123785272,34.741148996911946,-138.88663991604224,5.123434978034341,0,2,0,0,0
261.72584660112625,-901.2096768077463,34.751341636106375,-140.44584971116467,5.136217100191297,0,2,0,0,0
260.9378333822242,-901.8638755548745,34.76216050498188,-142.44475178508355,5.089545006524481,0,2,0,0,0
260.12897223979235,-902.4747354760766,34.76530409306288,-144.4602498746795,5.037291483630581,0,2,0,0,0
259.30807423056103,-903.049423808232,34.76221563462168,-146.59681134151663,4.98298996473153,0,2,0,0,0
258.3986939507886,-903.6473450753838,34.75634671542794,-149.22552575182286,4.900917185074817,0,2,0,0,0
257.4734325778554,-904.1834254385903,34.75954927764833,-151.94288988904847,4.813620993950388,0,2,0,0,0
256.53564496408217,-904.6678421460092,34.754191839881244,-155.34977349846326,4.749017494539681,0,2,0,0,0
255.58385408500908,-905.0852608429268,34.7435254778713,-159.13293641788442,4.67553394497531,0,2,0,0,0
254.61989236011868,-905.4329904429615,34.74301162436605,-163.14051412092138,4.614766323848923,0,2,0,0,0
253.64688775583636,-905.7058246126398,34.7256334040314,-167.19163683413257,4.546394202212078,0,2,0,0,0
252.57944204163505,-905.9221685146913,34.71915646530688,-171.83269301056052,4.488584567528831,0,2,0,0,0
251.51333629671717,-906.0530173964798,34.720129810087386,-176.66062159848533,4.408670055999748,0,2,0,0,0
250.45965957432054,-906.084711715579,34.71111222524196,178.33479730422312,4.328030940204593,0,2,0,0,0
249.42559025774244,-906.0293842693791,34.697812719084325,172.89163972863528,4.254539644474428,0,2,0,0,0
248.4200127039221,-905.8763793772087,34.70006064679474,167.36832035644665,4.175279729996072,0,2,0,0,0
247.37633533158805,-905.6112127415836,34.70388142000884,161.0497686598244,4.065495289838123,0,2,0,0,0
246.39681650942657,-905.236066551879,34.70121189374477,154.44081270454825,3.978008288286509,0,2,0,0,0
245.4861228078953,-904.7595441453159,34.69857168551535,147.9523322934587,3.9056792415369035,0,2,0,0,0
244.6419086046517,-904.2000457393005,34.70668662413955,141.94292140414274,3.8508255180010567,0,2,0,0,0
243.874846900173,-903.5555752748623,34.697818438336256,136.8521384895983,3.825386950077014,0,2,0,0,0
243.10294376820093,-902.8051830446348,34.699336720444265,131.76346188507333,3.8416020123985426,0,2,0,0,0
242.44489034672733,-902.0463848728687,34.70746132526547,127.88863071416415,3.851660015426756,0,2,0,0,0
241.8412296550814,-901.2409906461835,34.70196352321655,124.57778971710864,3.8648363779617383,0,2,0,0,0
241.27521386253648,-900.4051786139607,34.71362770888955,121.86275178400888,3.8772906506554436,0,2,0,0,0
240.74975906556938,-899.5384240252897,34.711537834070626,119.8181750654558,3.8925606418844065,0,2,0,0,0
240.24578177148942,-898.654668610543,34.71331951003522,118.23185822403315,3.9059980260155176,0,2,0,0,0
239.76369518699357,-897.7593546435237,34.71919140852988,117.21271402356173,3.927765414522842,0,2,0,0,0
239.2851722703199,-896.8545970190316,34.72725469507277,116.68644619464685,3.935669740576655,0,2,0,0,0
238.83283243246842,-895.9382882928476,34.73222461137921,116.64148295121615,3.9391293437569637,0,2,0,0,0
238.35752568795579,-895.0321732191369,34.73285697475076,116.56641056590394,3.9459703060488285,0,2,0,0,0
237.89066645293497,-894.1213948316872,34.72051945589483,116.9754325237739,3.9154212074337478,0,2,0,0,0
237.4229172997293,-893.2168343765661,34.75565779376775,117.78783685692906,3.9204822515379942,0,2,0,0,0
236.92814568727044,-892.3258182182908,34.75030113179237,119.20256990421724,3.9171267526985285,0,2,0,0,0
236.41892123856815,-891.443701794371,34.77613934576512,121.13029923976006,3.9187966253504305,0,2,0,0,0
235.87100307259243,-890.5836953418329,34.78479194156826,123.05541687836369,3.92731993044563,0,2,0,0,0
235.3018063865602,-889.7349598919973,34.79550091810525,124.78544384783633,3.9314894311111916,0,3,0,0,0
234.70381450129207,-888.9044973049313,34.80479567665607,126.22323236110297,3.9404881648072885,0,3,0,0,0
234.08922940707998,-888.0916068358347,34.81229237634689,127.4958647999071,3.9000774806634104,0,3,0,0,0
233.4688651773031,-887.3064307989553,34.81999482940883,128.57309771713616,3.8206750706494597,0,3,0,0,0
232.79803902620915,-886.4913789248094,34.82392464000732,129.48411826175567,3.731000860492906,0,3,0,0,0
232.13748794636922,-885.7128439582884,34.83224952481687,130.2384074714942,3.5653229479828976,0,3,0,0,0
231.4620254605543,-884.9405171955004,34.83946690410376,130.94456161937768,3.2753980721052494,0,3,0,0,0
230.7780680989381,-884.174957296811,34.84805242791772,131.68074217692006,2.7566192960568876,0,3,0,0,0
230.087631375005,-883.42023933772,34.850254056788984,131.61860071883189,2.2174917618118233,0,3,0,0,0
229.39626771083567,-882.6759790554643,34.85569777321071,131.3609135560696,1.5633213247592752,0,3,0,0,0
228.73300762788858,-881.9214166635647,34.8227870406583,131.33972942320253,0.408984203486459,0,1,0,0,0
228.06805216270732,-881.1717719845474,34.833710104040804,131.66941168378807,1.82271885052416,0,1,0,0,0
227.38466419943143,-880.4152461029589,34.83880690932274,131.9964274573276,2.5996786509255587,0,1,0,0,0
226.67191587743582,-879.6385667510331,34.838241938315335,132.31685832728854,3.2423404449571813,0,1,0,0,0
225.9568108591484,-878.8690570732579,34.84340483490378,132.78629029607356,3.7419011008260257,0,1,0,0,0
225.25519010057906,-878.1257115453482,34.8511671692133,133.8820127105241,4.108687137119099,0,1,0,0,0
224.52701789315324,-877.399268148467,34.85128210280091,135.6013814903507,4.450920783294059,0,1,0,0,0
223.78943717491347,-876.7054742621258,34.85299304574728,137.79206475496252,4.744856279880512,0,1,0,0,0
222.9782824846916,-875.9988408116624,34.863997218944135,140.03223169158238,5.034310488209047,0,1,0,0,0
222.17452858225442,-875.3506723111495,34.865068928152326,141.83046695449997,5.282880344608413,0,1,0,0,0
221.31414795859018,-874.6976780230179,34.865734201669696,143.24466733652523,5.510572645855916,0,1,0,0,0
220.49923092953395,-874.1008975729346,34.87117207217962,144.18807762262003,5.71020968027766,0,1,0,0,0
219.64506541693117,-873.4998783301562,34.87247257381678,144.7178218584015,5.896395820102281,0,1,0,0,0
218.7602282333537,-872.889938654378,34.86940303053707,144.85939049082572,6.029267397114489,0,1,0,0,0
217.86877333174925,-872.2656614687294,34.870742104761305,144.71163641814493,6.0462038114916945,0,1,0,0,0
216.9787760884501,-871.6463910387829,34.88787888903171,143.89336476969788,6.005655073654254,0,1,0,0,0
216.10816665843595,-871.0177165633067,34.90210079383105,142.71480671264135,5.929359284333005,0,1,0,0,0
215.26647842040984,-870.3756222715601,34.90535670034588,141.2519083049713,5.836617974858381,0,1,0,0,0
214.45827950688545,-869.7207350246608,34.91203475631774,139.6916673737242,5.686492855055069,0,1,0,0,0
213.69054226530716,-869.0648329667747,34.92202577535063,138.26962041077297,5.487645837455892,0,1,0,0,0
212.89216338662663,-868.3455313900486,34.92560990415514,136.90860454489,5.212738497101427,0,1,0,0,0
212.15516541636316,-867.649979846552,34.930768645182255,135.81682436323223,4.878779059867344,0,1,0,0,0
211.41791213519173,-866.9301181659102,34.94169762339443,134.9364079377335,4.447249007314236,0,1,0,0,0
210.7029357450665,-866.216683363542,34.947096940875056,134.28725322955813,3.956353673011965,0,1,0,0,0
209.98097064247122,-865.4817434186116,34.95436631403864,133.82434724467313,3.393244555966789,0,2,0,0,0
209.25643844139995,-864.7354521024972,34.96662337034941,133.450050211519,2.709806326904986,0,2,0,0,0
208.55431584164035,-864.0053648510948,34.97082998212427,133.11857905220884,1.9509638659407131,0,2,0,0,0
207.8430360298371,-863.2606402225792,34.97952047251165,132.79356459434374,1.511024798792087,0,2,0,0,0
207.14830421598163,-862.5152815142646,34.98591052256525,132.4789165829851,1.4578016797092919,0,2,0,0,0
206.4484343060758,-861.7548789670691,34.98893586061895,132.247027836307,2.0818797421712683,0,2,0,0,0
205.76868722843938,-861.0096924267709,35.00030852835626,132.144736799862,2.6922332164482734,0,2,0,0,0
205.06441959564108,-860.2360912915319,35.01028803531081,132.06456183179512,3.118600203258381,0,2,0,0,0
204.35231240856228,-859.4516083328053,35.021285521611574,132.00093974853556,3.507643772918715,0,2,0,0,0
203.6614865095471,-858.6894564535469,35.02994110602886,131.9697692023821,3.8469181965622825,0,2,0,0,0
202.96387519972632,-857.9192697145045,35.04231775160879,131.94897213277181,4.158455634221527,0,2,0,0,0
202.27215893461835,-857.1567663373426,35.05147499199957,131.94317294568526,4.4332638277493635,0,2,0,0,0
201.53420279442798,-856.3500388031825,35.061135889776054,131.95714074990647,4.706863210718492,0,2,0,0,0
200.81987410545116,-855.5677439793944,35.0681500190869,131.96770569679,4.949237169939178,0,2,0,0,0
200.13947859895416,-854.8233271017671,35.076163423061374,131.96919313783525,5.163211038519439,0,2,0,0,0
199.43071360880276,-854.0484197968617,35.08260543160141,131.97357466898458,5.364925998917352,0,2,0,0,0
198.69547533249715,-853.242487648502,35.09050753600896,131.98743800414942,5.564319387082649,0,2,0,0,0
198.009927366802,-852.4920780993998,35.09672445971519,131.99010772968037,5.742816556496002,0,2,0,0,0
197.30364586692303,-851.7183701191097,35.10288425981999,131.9353732066646,5.904959539689592,0,2,0,0,0
196.58300790988142,-850.9255320494995,35.1169684778899,131.85854671575487,6.012318224940219,0,2,0,0,0
195.85305943887215,-850.1221418492496,35.12642029933632,131.70679013564742,6.05161003677081,0,2,0,0,0
195.12481602624757,-849.3143839370459,35.13483945261687,131.52985165520568,6.044845043295063,0,2,0,0,0
194.40107488504145,-848.5071381777525,35.14598471745849,131.28607349120983,6.037262099425987,0,2,0,0,0
193.6774171165889,-847.6937011238188,35.154708036966625,130.94226000567508,6.103918321121766,0,2,0,0,0
192.94716248178156,-846.8615992153063,35.16215622778982,130.5317554920825,6.22690674953364,0,2,0,0,0
192.28814167901874,-846.1006916658953,35.17286722343415,130.1039049886915,6.384272852170287,0,2,0,0,0
191.6160608790815,-845.3105494985357,35.18280911613256,129.6560062069214,6.583122985330133,0,2,0,0,0
190.93389907863457,-844.4964406015351,35.197480344027284,129.05054593446985,6.67816881854458,0,2,0,0,0
190.2561419342528,-843.6725246449932,35.21637141592801,128.202663045788,6.660995187323354,0,2,0,0,0
189.5953828759375,-842.8400237746537,35.2239912616089,127.15221051628006,6.630221452182255,0,2,0,0,0
188.95568819262553,-842.0006496738642,35.22585866022855,125.7512695023739,6.569464699310818,0,2,0,0,0
188.3432077061152,-841.1540554007515,35.23377763926983,124.09175966709523,6.5016319786398915,0,2,0,0,0
187.76222773926565,-840.2985318321735,35.24195754043758,122.19884869509767,6.435867459788115,0,2,0,0,0
187.21881307382137,-839.4330161716789,35.24618609324098,120.08143952414282,6.35589467579643,0,2,0,0,0
186.71672009932809,-838.5557142356411,35.2546145727858,117.81504729935612,6.2770035990196495,0,2,0,0,0
186.19847227598075,-837.5588828530163,35.270439060218635,115.07456610503236,6.197953988849544,0,2,0,0,0
185.73655494931154,-836.5502293538302,35.27404213026166,112.29673901194428,6.125331739642966,0,2,0,0,0
185.33091501356103,-835.5323210554197,35.27249003276229,109.45825128717937,6.044575735397472,0,2,0,0,0
184.98032254981808,-834.509923919104,35.28126121293754,106.58879743925519,5.958503549694585,0,2,0,0,0
184.68608200812014,-833.4851057995111,35.29578793682158,103.72126295489622,5.8754292300085105,0,2,0,0,0
184.44579065579455,-832.4597078664228,35.30977992229164,100.81126436881327,5.7875161075247075,0,2,0,0,0
184.26164422213333,-831.4365249481052,35.332047797553244,97.8700781131145,5.727071910477799,0,2,0,0,0
184.12851099617546,-830.4138554986566,35.35390180516988,94.82829161651887,5.6963847889658625,0,2,0,0,0
184.050661441579,-829.3896977994591,35.37612262628973,91.74966748907218,5.680465387158559,0,2,0,0,0
184.03091652854346,-828.3651401856914,35.40016290433705,88.68433817448529,5.676755200559388,0,2,0,0,0
184.0633974307566,-827.339035644196,35.42427816409618,85.55410003530687,5.681317150724905,0,2,0,0,0
184.15424722112948,-826.3138804202899,35.44829689320177,82.4514422902368,5.697739613435609,0,2,0,0,0
184.30072092096088,-825.290746233426,35.47191079501063,79.32867787153782,5.730527376496257,0,3,0,0,0
184.50409535039216,-824.2704040305689,35.490019989945,76.2755314117269,5.776556682166059,0,3,0,0,0
184.76242871611612,-823.2545648543164,35.50921613238752,73.28124904393961,5.819469911094348,0,3,0,0,0
185.07548724598018,-822.2459363909438,35.529459125176075,70.44013052064497,5.869651961868561,0,3,0,0,0
185.4401738382876,-821.2450865209103,35.54816772118211,67.69999244791315,5.9310063348770345,0,3,0,0,0
185.85798318858724,-820.2514145793393,35.56301286891103,65.12130825879417,6.0110371776507785,0,3,0,0,0
186.32298761664424,-819.2630905658007,35.58220449630171,62.705255783150356,6.08785692463959,0,1,0,0,0
186.83945826202398,-818.2757370080799,35.60286456048489,60.42770362785874,6.244875626391124,0,1,0,0,0
187.34338698495412,-817.3996542347595,35.620810664072636,58.575015598495206,6.351820437203074,0,1,0,0,0
187.8811629564152,-816.5254864403978,35.64715620391071,56.85239680453912,6.452260268438838,0,1,0,0,0
188.45179153810022,-815.6528125032783,35.669229930080476,55.26880573431605,6.56447690520096,0,1,0,0,0
189.0623693781672,-814.7842397075146,35.678902317583564,53.92386778253694,6.68679501326162,0,1,0,0,0
189.70236098661553,-813.9147435203195,35.69775472749025,52.6096780257622,6.794823899820543,0,1,0,0,0
190.3695153495064,-813.0408775163814,35.731334660947326,51.376036942757544,6.928714652311116,0,1,0,0,0
191.07144575286657,-812.1646169451997,35.7592483393848,50.270974735533486,7.084300057181986,0,1,0,0,0
191.71385960950283,-811.395470187068,35.78020527940244,49.43770345680315,7.211952056792735,0,1,0,0,0
192.37586966599338,-810.620907375589,35.807831997796896,48.619753355538705,7.339042902725421,0,1,0,0,0
193.05901372170774,-809.8409620262682,35.836326368898156,47.87014120364171,7.4701926603995155,0,1,0,0,0
193.76530595542863,-809.0572821106762,35.860948500037196,47.26319213203886,7.602425601922639,0,1,0,0,0
194.49197721359087,-808.2676053643227,35.88308455962688,46.75761244586574,7.729333743815167,0,1,0,0,0
195.2365930925589,-807.4703346798196,35.90708486065269,46.355151577539466,7.858406112626789,0,1,0,0,0
195.99867574940436,-806.6647252487019,35.933007987961176,46.05265283070354,7.988751538968873,0,1,0,0,0
196.7776103655342,-805.8494425825775,35.95697590503842,45.90123448322344,8.1184292303154,0,1,0,0,0
197.57151377521222,-805.0230587739497,35.978459156863394,45.927880959756315,8.25391973278276,0,1,0,0,0
198.3772648118902,-804.1829624092206,35.99826362989843,46.15865215788396,8.385017697391191,0,1,0,0,0
199.0731130723143,-803.4494996005669,36.01817229371518,46.44517292758206,8.478235506652776,0,1,0,0,0
199.7734290889348,-802.7045481139794,36.04243518020958,46.89037815078643,8.571911937437557,0,1,0,0,0
200.47573995718267,-801.94691850245,36.06915061064065,47.46605599513493,8.658102671014884,0,1,0,0,0
201.1768402653979,-801.1741494880989,36.09632222708315,48.149151730236284,8.74164370892978,0,1,0,0,0
201.87431487604044,-800.3848116733134,36.123619412817064,48.89084697522974,8.825434198844757,0,1,0,0,0
202.56764862552518,-799.5786298075691,36.15098867733032,49.684902118152564,8.909197073216655,0,1,0,0,0
203.2535656093969,-798.75582296215,36.17910639829934,50.506927242323925,8.977995022475671,0,1,0,0,0
203.93180520035094,-797.9171159844846,36.211287000961605,51.31184771629698,9.041169912096136,0,1,0,0,0
204.6032894590753,-797.0625000689179,36.24531990364194,52.098698338035774,9.109329287306108,0,1,0,0,0
205.26760217669653,-796.1920829005539,36.27734047994018,52.846827129736695,9.177481159981838,0,1,0,0,0
205.92500024131732,-795.3064559986815,36.30706111881882,53.54153283604821,9.244193267019744,0,1,0,0,0
206.5761285670451,-794.4062544591725,36.33234851509333,54.20347015366044,9.307216163803842,0,1,0,0,0
207.22108935553115,-793.4929332146421,36.358175145275894,54.856228107835356,9.357883219732473,0,1,0,0,0
207.85907152167056,-792.5669678170234,36.387587898224595,55.47172858001622,9.415832450124462,0,1,0,0,0
208.49066173518077,-791.6288078930229,36.41759517770261,56.065328368253034,9.472213293151581,0,1,0,0,0
209.1156507396954,-790.6782061923295,36.44550680071116,56.59720996495019,9.524786828164247,0,1,0,0,0
209.73640617582714,-789.716550430283,36.472135259583595,57.10891134873484,9.584829626644424,0,1,0,0,0
210.35282730631297,-788.7440616553649,36.49902609623969,57.599345559235715,9.644190906825871,0,1,0,0,0
210.96454828593414,-787.7606428610161,36.52442970387638,58.05320971694026,9.696308276405839,0,1,0,0,0
211.57204462890513,-786.7664478598163,36.548195543512705,58.47631735893826,9.753714463642737,0,1,0,0,0
212.17638405325124,-785.7613470545039,36.57065960466862,58.88786264389307,9.819680993548735,0,1,0,0,0
212.77740283799358,-784.7447384819388,36.5933682506904,59.287542346608646,9.893955125838257,0,1,0,0,0
213.3758189115324,-783.7166885957122,36.61650121472776,59.702412766954744,9.964626235120559,0,1,0,0,0
213.97002376482124,-782.6770874084905,36.64155499245972,60.09808142356384,10.034944040319433,0,1,0,0,0
214.46319329779362,-781.8014876209199,36.66236723009497,60.42791240133134,10.10537400103265,0,1,0,0,0
214.95398376107914,-780.91714736633,36.683048493973914,60.74362279438277,10.165216962933323,0,1,0,0,0
215.44274013780523,-780.0243982560933,36.70317035149783,61.029503371242676,10.23200116385513,0,1,0,0,0
215.92992843320826,-779.1233755256981,36.723386069573465,61.264956060277676,10.290447502525877,0,1,0,0,0
216.41621303139254,-778.2147406917065,36.74422443639487,61.45669157567377,10.353923199137645,0,1,0,0,0
216.90286319650477,-777.2992240898311,36.76612306274474,61.640257144124426,10.41573598311144,0,1,0,0,0
217.3891829007771,-776.3767542438582,36.787805046699944,61.80329640989751,10.478963674088787,0,1,0,0,0
217.87626179039944,-775.4477286329493,36.80923460219056,61.99176764659327,10.531122981150336,0,1,0,0,0
218.36216891754884,-774.5119168860838,36.83191170059145,62.16589606579109,10.587215986200667,0,1,0,0,0
218.84733738959767,-773.5701664462686,36.85628893300891,62.359113973640156,10.64104893416241,0,1,0,0,0
219.3318277327926,-772.6223816704005,36.88061175104231,62.59211408137782,10.690176302344266,0,1,0,0,0
219.8147529506823,-771.6679046833888,36.902773273922506,62.83822891212642,10.744323074970666,0,1,0,0,0
220.2948558924254,-770.7066873461008,36.92189658787102,63.1094648456194,10.787084516746686,0,1,0,0,0
220.7732887638267,-769.7395588057116,36.93873158730567,63.43562535780652,10.829007922135762,0,1,0,0,0
221.24774150026496,-768.766485302709,36.95542995799333,63.80388233370023,10.864502095350943,0,1,0,0,0
221.71803944307612,-767.7879263022915,36.97308985590935,64.2128048360769,10.890808762008515,0,1,0,0,0
222.18216241686605,-766.8035867400467,36.99127964191139,64.63490382415394,10.914441914323808,0,1,0,0,0
222.63975496886997,-765.8137568496168,37.0091982183978,65.03678285779793,10.931263072675446,0,1,0,0,0
223.090510260663,-764.8189679533243,37.02685107830912,65.40119981810395,10.946533148609468,0,1,0,0,0
223.5356628341251,-763.8192881466821,37.04251353144646,65.76417754632564,10.965163653359362,0,3,0,0,0
223.97574933769647,-762.8155032526702,37.056723775155845,66.13204621385512,10.982015811314387,0,3,0,0,0
224.41010784200625,-761.8074032766744,37.07134593911469,66.48282377016851,10.998502139782623,0,3,0,0,0
224.8384945120779,-760.7951576504856,37.08751489669085,66.80974146497172,11.011397868373454,0,3,0,0,0
225.26187970652245,-759.779077350162,37.10411178860814,67.14293277896691,11.02643316152618,0,3,0,0,0
225.68133745115483,-758.759512196295,37.11973453294486,67.53759538919158,11.0445211682474,0,3,0,0,0
226.0944572094595,-757.7354818386957,37.13406807910651,67.94028338211861,11.062817668975992,0,3,0,0,0
226.50056048238184,-756.7070775590837,37.14835902284831,68.3277470734136,11.079878418399884,0,3,0,0,0
226.89981462346623,-755.6745701106265,37.16172778028995,68.70771895881583,11.086626438119863,0,3,0,0,0
227.29287986340933,-754.6384659986943,37.17262008674443,69.08533838595682,11.097169978390694,0,3,0,0,0
227.6806955312495,-753.5992734190077,37.183628029935065,69.49746023940475,11.10785093983361,0,3,0,0,0
228.0622048821533,-752.5569937257096,37.19710741080344,69.94371460431039,11.11296410863305,0,3,0,0,0
228.43558062973898,-751.5112048676237,37.21356436032802,70.37765866044646,11.117168969483421,0,3,0,0,0
228.80071379203582,-750.4620525175706,37.23062176052481,70.78193305384761,11.126429056852858,0,3,0,0,0
229.15843126742402,-749.4097012970597,37.24590182658285,71.18865280536227,11.131813528824297,0,3,0,0,0
229.5088467473397,-748.3545757411048,37.260612077824774,71.61813788250139,11.130451131320125,0,3,0,0,0
229.852315424243,-747.2967476313934,37.27751941587776,72.08144982096236,11.13061507377462,0,3,0,0,0
230.18617741035996,-746.2357389898971,37.297096838057044,72.52327067569088,11.134918713248334,0,3,0,0,0
230.5115075702779,-745.1719677560031,37.318699206970635,72.98128969431724,11.133686143522036,0,3,0,0,0
230.82818415667862,-744.1057316642255,37.34027200452984,73.43802014751591,11.13578312483023,0,3,0,0,0
231.13638625963358,-743.0373744284734,37.359707901068035,73.90326742894086,11.13890746022248,0,3,0,0,0
231.4357457512524,-741.9664915939793,37.3792064011097,74.34689635675694,11.140267985390993,0,3,0,0,0
231.72667369665578,-740.893319748342,37.4012257007882,74.76492059821797,11.134821989548374,0,3,0,0,0
232.01020628603874,-739.8180927364156,37.423588877357545,75.17772056312454,11.137278815947953,0,3,0,0,0
232.28573026385857,-738.7406042721123,37.44317909777165,75.57499785631843,11.139225101177143,0,3,0,0,0
232.55352420773124,-737.6610941691324,37.461928486637774,75.93768258580924,11.140703399931736,0,3,0,0,0
232.81430377665674,-736.5796435959637,37.481966296955946,76.29696186209277,11.141203744663304,0,3,0,0,0
233.06873456027824,-735.4967315513641,37.504418270476165,76.6721440514469,11.141349635804023,0,3,0,0,0
233.316203357419,-734.4121890934184,37.527426846139136,77.04094356411561,11.1375657770364,0,3,0,0,0
233.5561093883589,-733.3260625833645,37.54945051930845,77.38440170284858,11.138552152782983,0,3,0,0,0
233.78908602456795,-732.2382845059037,37.56983658559621,77.68653666124494,11.134969068961965,0,3,0,0,0
234.01664895168506,-731.1495240638033,37.59078078232706,77.99583770399373,11.135948974926633,0,3,0,0,0
234.23914901574608,-730.0598554350436,37.613553980179134,78.32307394949436,11.132209531510227,0,3,0,0,0
234.45542312966427,-728.9691492160782,37.638111456111076,78.64831714821798,11.133554583558366,0,3,0,0,0
234.66487567784498,-727.877198593691,37.66270367037505,78.93229279240039,11.13508560587206,0,3,0,0,0
234.86763136525406,-726.784204274416,37.68682784009725,79.16276156819282,11.128819720749728,0,3,0,0,0
235.06614256696776,-725.6909654783085,37.70991774071008,79.3982989782144,11.114709296221971,0,3,0,0,0
235.2604927176144,-724.5993739888072,37.73285015001893,79.65824042402981,11.083982914452115,0,3,0,0,0
235.44945590075804,-723.5096279289573,37.75455247405917,79.8847300777901,11.060528963020985,0,3,0,0,0
235.63391252071597,-722.4216397842392,37.77455543056131,80.06877174147193,11.038572352701355,0,3,0,0,0
235.81538066960638,-721.3351681279019,37.792137338593605,80.2382365217438,11.032702682242997,0,3,0,0,0
235.99439481878653,-720.2482390422374,37.80881595313549,80.426334795982,11.038346105158714,0,3,0,0,0
236.16936185554368,-719.1591911837459,37.82651060987264,80.58474339508582,11.056822186948825,0,3,0,0,0
236.3414891102584,-718.0684663467109,37.84686141069979,80.7065402511879,11.067150920497664,0,3,0,0,0
236.5117444038042,-716.9766123956069,37.86876364126802,80.83541689440598,11.070392723098802,0,3,0,0,0
236.67946513131028,-715.8838159292936,37.89207809772343,80.96764840679357,11.075429223716068,0,3,0,0,0
236.84471832116833,-714.7915505701676,37.92198618203402,81.10738045529207,11.046469048044413,0,3,0,0,0
237.007218571438,-713.7024836093187,37.95880607403815,81.22840136069854,11.00338086704217,0,3,0,0,0
237.16702336882008,-712.6176426587626,37.99455772042275,81.33652205080215,10.953828447683383,0,3,0,0,0
237.3237618856365,-711.5387827903032,38.02523487787694,81.41174829894258,10.886187326995465,0,3,0,0,0
237.47790628735675,-710.4676013961434,38.05067035723478,81.45753844111171,10.786681525947678,0,3,0,0,0
237.630697665154,-709.4066551793367,38.079194750450554,81.51933118403781,10.679608780219539,0,3,0,0,0
237.78003502462525,-708.3566815750673,38.11530312597752,81.5727442697668,10.555689731609831,0,3,0,0,0
237.92543981265044,-707.3195374496281,38.15588074065745,81.60854419301745,10.424504984726193,0,3,0,0,0
238.06922967825085,-706.2925228225067,38.192693192325535,81.67509636317816,10.342859707205633,0,3,0,0,0
238.21101780433673,-705.2731636017561,38.224043678306046,81.72912632006165,10.270626949469925,0,3,0,0,0
238.35073778458172,-704.2603673152626,38.252939706481996,81.759659452783,10.203632023007422,0,3,0,0,0
238.48937733471394,-703.2539804633707,38.28306424785406,81.78661752199869,10.146265201178979,0,3,0,0,0
238.6274856592063,-702.2527492772788,38.31574167199433,81.82750281394567,10.097751195269357,0,3,0,0,0
238.76502556714695,-701.2564247399569,38.35171006135643,81.86590720663199,10.051237425844633,0,3,0,0,0
238.90154455421725,-700.263884481974,38.389421922899785,81.87638994588853,10.018141669186441,0,3,0,0,0
239.0371717166854,-699.2723682904616,38.42343652322889,81.87445710846504,10.02686537448395,0,3,0,0,0
239.1733573792735,-698.2792237149552,38.449490623362365,81.88267741797107,10.046405364933262,0,3,0,0,0
239.31042179989163,-697.2840036656708,38.4732236655429,81.89895725280797,10.072508996491967,0,3,0,0,0
239.4474814821151,-696.286175088957,38.501173249259594,81.91378928293055,10.104488711109504,0,3,0,0,0
239.58533713209908,-695.2849443545565,38.52908260356635,81.93567374597643,10.143778960433057,0,3,0,0,0
239.72309019591194,-694.2813268192112,38.55636240709573,81.95770130340739,10.150879761477196,0,3,0,0,0
239.85942490946036,-693.2762148166075,38.58663932774216,81.95060632233852,10.166899398995758,0,3,0,0,0
239.99625692574773,-692.2683017253876,38.61058863513172,81.94269157000942,10.193298759410018,0,3,0,0,0
240.1335971202352,-691.2585332244635,38.62563610617072,81.94237993176942,10.210674722044315,0,3,0,0,0
240.27122951095225,-690.2477011373267,38.63731921631843,81.93326130872455,10.221345638157633,0,3,0,0,0
240.40885774756316,-689.2365955086425,38.65415242481977,81.91321532725848,10.222885744567312,0,3,0,0,0
240.54735825554235,-688.2254628762603,38.67585448808968,81.90977721457618,10.223761745466266,0,3,0,0,0
240.6859907534672,-687.2144586825743,38.698281638138,81.9099318052884,10.224327951068235,0,3,0,0,0
240.82401217939332,-686.2031114641577,38.71719110365957,81.89136557495223,10.223335174269527,0,3,0,0,0
240.96213533345144,-685.1914766030386,38.73144410438836,81.87208420144825,10.228983421220779,0,3,0,0,0
241.1004095461103,-684.1792828664184,38.7435192687437,81.8489888018375,10.234972666060406,0,3,0,0,0
241.2395186451031,-683.1667049946263,38.757213454507294,81.84638436704266,10.236773934932454,0,3,0,0,0
241.37878593063215,-682.1537032295018,38.77324459869415,81.83870478089281,10.24357607120119,0,3,0,0,0
241.51859321177471,-681.1400794684887,38.788518846780065,81.82430187255054,10.254804942583917,0,3,0,0,0
241.6584248119034,-680.1251600189134,38.800824139080945,81.80803637576118,10.25807488967901,0,3,0,0,0
241.79886239382904,-679.1095018526539,38.80973019246012,81.79569809513738,10.2670497529746,0,3,0,0,0
241.93973098840797,-678.0928808236495,38.81666703503579,81.78834412853807,10.278499517773483,0,3,0,0,0
242.08113281283295,-677.0749352555722,38.82288311868906,81.78524177515688,10.293200208255998,0,3,0,0,0
242.22287473687902,-676.0560239125043,38.829873824305835,81.78979363829251,10.302031556304884,0,3,0,0,0
242.36472694564145,-675.0361826904118,38.83740405160934,81.79231517322773,10.31268688835731,0,3,0,0,0
242.5068188009318,-674.0148304272443,38.84307776838541,81.79305987533765,10.32937305940252,0,3,0,0,0
242.64873063616687,-672.9916636161506,38.84523549564183,81.79450973735611,10.350821795902874,0,3,0,0,0
242.79144525079755,-671.966463397257,38.842628127709034,81.80328326371539,10.370578096227037,0,3,0,0,0
242.9342572777532,-670.9395874775946,38.83947931211442,81.80670912870046,10.386040694071285,0,3,0,0,0
243.0767396998126,-669.9111935431138,38.83903077412397,81.80489239534076,10.403747963702926,0,3,0,0,0
243.21987456432544,-668.8811749806628,38.8402794495225,81.81014875534885,10.422970929352704,0,3,0,0,0
243.3633665907546,-667.8494903435931,38.84012843742967,81.81582398211168,10.438789250940081,0,3,0,0,0
243.50677799544064,-666.816922002472,38.83556221406907,81.82159269515243,10.436622984417918,0,3,0,0,0
243.6496555020567,-665.7847588928416,38.826788168214264,81.80757390900123,10.426669638637671,0,3,0,0,0
243.79248626192566,-664.7539974153042,38.81637609545142,81.77814471341291,10.410674090469753,0,3,0,0,0
243.93529964832123,-663.7256669951603,38.80791929531843,81.74190173412347,10.374922399700331,0,3,0,0,0
244.0784034776152,-662.7010192703456,38.801846501231196,81.70502188084795,10.334098459421803,0,3,0,0,0
244.22156190528767,-661.681763692759,38.7953866802156,81.67211071330105,10.27695263318262,0,3,0,0,0
244.36465043300996,-660.6667164489627,38.78403904270381,81.6434496150971,10.246134864513966,0,3,0,0,0
244.50779782334575,-659.6537793418393,38.76785919051618,81.61648713357128,10.223753760817612,0,3,0,0,0
244.65138665685663,-658.6420282199979,38.75070588830859,81.59951032940992,10.221629110139286,0,3,0,0,0
244.79516183229862,-657.6305768880993,38.734607535228136,81.6009105110168,10.218675357030055,0,3,0,0,0
244.9387692795135,-656.6183946756646,38.719467314705255,81.61318227147142,10.234635586197381,0,3,0,0,0
245.0830087873619,-655.6046997010708,38.70421377178282,81.64194431531554,10.253110263952005,0,3,0,0,0
245.22689355449984,-654.5891574369743,38.68836268112064,81.6720151941914,10.271331464599765,0,3,0,0,0
245.3705128779402,-653.5715948687866,38.670642014406624,81.69484603445318,10.28872697098627,0,3,0,0,0
245.5141625519027,-652.5528782960027,38.65269512664527,81.73292687953406,10.293130694523654,0,3,0,0,0
245.65660063369432,-651.5343032898381,38.635517604462805,81.76133217712793,10.279430814155537,0,3,0,0,0
245.7991155552445,-650.5158909708261,38.616277874261144,81.82842733418424,10.282111131917922,0,3,0,0,0
245.93974988814443,-649.4978354405612,38.593828270025554,81.90940848770288,10.275682560824777,0,3,0,0,0
246.07818298862549,-648.4803197970614,38.57494514603168,81.98012671609115,10.272754216374095,0,3,0,0,0
246.21495269198203,-647.4622572306544,38.55260541643948,82.03468407931231,10.277929152056883,0,3,0,0,0
246.35025638900697,-646.4426991622895,38.51899553444237,82.08429682631278,10.29961416168137,0,3,0,0,0
246.48509008804103,-645.4214585497975,38.47661076001823,82.14483634517691,10.319488822739325,0,3,0,0,0
246.61931717739208,-644.3969092005864,38.43265424463898,82.20791182982532,10.357818749479367,0,3,0,0,0
246.75365931814304,-643.3684941204265,38.39274014979601,82.3230100631207,10.395346463978274,0,3,0,0,0
246.88657337473705,-642.3361031366512,38.35686829015613,82.45460207430243,10.429233304583459,0,3,0,0,0
247.01663783780532,-641.3003364279866,38.32040931545198,82.55178692434964,10.45650442573137,0,3,0,0,0
247.14499382657232,-640.2619925886393,38.277828814275566,82.64699572933219,10.475525806522054,0,3,0,0,0
247.27212515444262,-639.2213623868302,38.23231816366315,82.7534973684122,10.489874990977844,0,3,0,0,0
247.39803483319702,-638.1792392255738,38.1896635953337,82.8710508527394,10.5048228757953,0,3,0,0,0
247.52289719466353,-637.135650078766,38.147626605629924,82.99165976556652,10.518030223476407,0,3,0,0,0
247.6458880858263,-636.0908223325387,38.10492328628898,83.1013959363571,10.528459529648334,0,3,0,0,0
247.76708640856668,-635.0446333363652,38.06002638563514,83.1985553563434,10.538778249147185,0,3,0,0,0
247.88681630330393,-633.9974676240236,38.013644808717075,83.30080195169784,10.545155091332903,0,3,0,0,0
248.00493120087776,-632.9493616735563,37.96777935866267,83.39887181571365,10.556302439749041,0,3,0,0,0
248.1203722017235,-631.8998420517892,37.922267985343936,83.52168503924857,10.567218313454147,0,3,0,0,0
248.23346433992265,-630.8496520314366,37.87800870444626,83.64313060160795,10.561395198373901,0,3,0,0,0
248.3459521359764,-629.7994120270014,37.83310453947634,83.79119435144987,10.561840947461107,0,3,0,0,0
248.45548086002236,-628.7484529400244,37.781431754864755,83.91348333664918,10.568424858259688,0,3,0,0,0
248.56379630620359,-627.6974505446851,37.73248099796474,84.05628177645254,10.562602139443428,0,3,0,0,0
248.67034153739223,-626.6471378412098,37.70014493428171,84.21249087201404,10.55606469101771,0,3,0,0,0
248.7736874857219,-625.596240230836,37.674844694137576,84.35241919712723,10.563536672138884,0,3,0,0,0
248.87231944850646,-624.5448152776808,37.6447446577251,84.477443793615,10.56369038047274,0,3,0,0,0
248.9671639772132,-623.4935987908393,37.60202002972365,84.60041209540013,10.556860086725015,0,3,0,0,0
249.05974067223724,-622.4423616975546,37.54999232925475,84.74310383624413,10.554857497006289,0,3,0,0,0
249.14976454467978,-621.3905729511753,37.50195180885494,84.9067241848011,10.558394416265951,0,3,0,0,0
249.23823510535294,-620.3384473165497,37.46862880308181,85.09346685571771,10.562975215693859,0,3,0,0,0
249.32323847990483,-619.2858808264136,37.44443898908794,85.25952440385998,10.560411938829017,0,3,0,0,0
249.40393705439055,-618.2328645884991,37.41641152072698,85.39757127520525,10.562483356060063,0,3,0,0,0
249.48183218226768,-617.1798337958753,37.37938659153879,85.54236419693996,10.561447336891343,0,3,0,0,0
249.55726934724953,-616.1265446972102,37.33613587897271,85.71447587780088,10.56181726760115,0,3,0,0,0
249.62870457128156,-615.072854179889,37.29288934618235,85.91081785248994,10.565532108640289,0,3,0,0,0
249.69665347784758,-614.0188603745773,37.2547265438363,86.114671819921,10.564506343858756,0,3,0,0,0
249.76059937942773,-612.9644813789055,37.22073475904763,86.33679737391546,10.564862080370961,0,3,0,0,0
249.82087125757243,-611.9099611099809,37.188630826585,86.60109001746376,10.563762863975972,0,3,0,0,0
249.87663542770315,-610.8554587932304,37.153940157778564,86.84103930098598,10.558876500452344,0,3,0,0,0
249.92797212227015,-609.8009475218132,37.117587856762114,87.06889864500799,10.559727571422027,0,3,0,0,0
249.97502396826167,-608.7465438758954,37.082421217858794,87.30019755912778,10.55674442730918,0,3,0,0,0
250.01782365771942,-607.6927452227101,37.049675666540864,87.53553463554918,10.559398913363642,0,3,0,0,0
250.0561996572651,-606.639032474719,37.01682233233005,87.78899990252233,10.55456295250958,0,3,0,0,0
250.0908202487044,-605.5854098359123,36.98176319878549,88.08545055578426,10.55052779821353,0,3,0,0,0
250.11922350415261,-604.5318170208484,36.944151828810575,88.36506860087442,10.547123691213052,0,3,0,0,0
250.14213061350165,-603.4784040804952,36.909078881889585,88.64523548723416,10.54159804462992,0,3,0,0,0
250.1589823278482,-602.425118775107,36.878195914253595,88.89777941659695,10.54184780735798,0,3,0,0,0
250.1714984421851,-601.3721046419814,36.84832936227322,89.17390267632697,10.535023353343641,0,3,0,0,0
250.1795832082862,-600.3193865837529,36.81651386879385,89.4944171978072,10.534333645395288,0,3,0,0,0
250.18212373805,-599.2665639566258,36.782054980099204,89.82943531433955,10.540344310376339,0,3,0,0,0
250.17729616811266,-598.2128398409113,36.745264197513464,90.15920193040233,10.552123480180875,0,3,0,0,0
250.16639958473388,-597.1581669645384,36.71168746966869,90.51123540217888,10.567715053155782,0,3,0,0,0
250.1488186327624,-596.1020125281066,36.68197979386896,90.8805397225075,10.582211650073415,0,3,0,0,0
250.12443264754256,-595.044512450695,36.65177045091987,91.24279643740077,10.593280758057912,0,3,0,0,0
250.0928134508431,-593.9858123399317,36.617684677988294,91.60698812753779,10.605438025529127,0,3,0,0,0
250.05419438245008,-592.9261378739029,36.579397715441885,91.95664242619345,10.620103593350812,0,3,0,0,0
250.00905539217638,-591.865461579524,36.5400948131457,92.32269637707132,10.634337333718705,0,3,0,0,0
249.9567570083891,-590.803817328997,36.50212230328471,92.69026105149963,10.644611607496467,0,3,0,0,0
249.89748741476797,-589.7414200277999,36.46533638406545,93.06485497398812,10.650526446136467,0,3,0,0,0
249.8318935634452,-588.6787706799805,36.42653081826866,93.44323282491305,10.659546322799011,0,3,0,0,0
249.75804386567324,-587.6166060939431,36.38257985915989,93.79341075678559,10.658696553182985,0,3,0,0,0
249.6783675205079,-586.554643205367,36.33640713691712,94.15954431666363,10.662389237106511,0,3,0,0,0
249.59288661030587,-585.4928328897804,36.2986406672746,94.54368796843471,10.668956296005883,0,3,0,0,0
249.5008240917814,-584.4312300439924,36.26941856630147,94.97555505845142,10.668572686857019,0,3,0,0,0
249.4008083443041,-583.3704258268699,36.23956067375839,95.38616699047678,10.668921342784344,0,3,0,0,0
249.29236087895697,-582.310609950684,36.20388714205474,95.77513929269473,10.671584439131626,0,3,0,0,0
249.17556529922877,-581.2517933398485,36.16199640166015,96.12931417259988,10.669138569223401,0,3,0,0,0
249.05343228089623,-580.1933275368065,36.121116827055815,96.52757523874823,10.67124418982283,0,3,0,0,0
248.92389766301494,-579.1354507040232,36.08357955776155,96.93326504915616,10.672110184390606,0,3,0,0,0
248.78734907583566,-578.0781388999894,36.04679100569338,97.35950012828623,10.671234280546214,0,3,0,0,0
248.642340176797,-577.0218798080459,36.00753914359957,97.78496546864137,10.673715691478698,0,3,0,0,0
248.48937971325358,-575.9665602967143,35.966331674531105,98.19602899918986,10.673423647825636,0,3,0,0,0
248.32891334511805,-574.9123402675614,35.925235292688015,98.5820646391349,10.670801162167042,0,3,0,0,0
248.1621612685267,-573.8589465236291,35.88638052046299,98.95018635057802,10.679111654339163,0,3,0,0,0
247.98971203510882,-572.8064709072933,35.85042869281024,99.32821972547478,10.672412545844267,0,3,0,0,0
247.8111099806847,-571.7549084657803,35.81824164632708,99.67365486809989,10.675118081508446,0,3,0,0,0
247.62648664740846,-570.7043135529384,35.78661850076169,100.02210001508956,10.677726546795315,0,3,0,0,0
247.4355292650289,-569.6545749995857,35.75028226040304,100.37674846230973,10.678322254021042,0,3,0,0,0
247.23766606248682,-568.6059836270288,35.70848412699998,100.74931717097024,10.679687551745387,0,3,0,0,0
247.0331963696517,-567.5582820493728,35.66483176574111,101.11223968755058,10.684740803799874,0,3,0,0,0
246.82160403882153,-566.5114769889042,35.6203334832564,101.47519771872169,10.689096884968313,0,3,0,0,0
246.60157096479088,-565.4661615807563,35.577332561649385,101.80436816453991,10.696183535246808,0,3,0,0,0
246.37460584414657,-564.4216506583616,35.53629277907312,102.12105716062997,10.706403520507674,0,3,0,0,0
246.14089201949537,-563.3782337447628,35.4926863078028,102.41808805427073,10.709286091473203,0,3,0,0,0
245.90230066375807,-562.3356494475156,35.4469945428893,102.74693956165396,10.70853300213973,0,3,0,0,0
245.65696774207754,-561.294207627885,35.401289015822115,103.0554394548425,10.713813955247977,0,3,0,0,0
245.40624881716212,-560.2535907058045,35.35872992854566,103.37116760592086,10.718958882632734,0,3,0,0,0
245.1508172454196,-559.2137817963958,35.320224539190534,103.68537501491328,10.721307082488673,0,3,0,0,0
244.8904119853978,-558.1751215225086,35.28310754224658,104.00883996345624,10.717031639190541,0,3,0,0,0
244.62418921216158,-557.1377815380692,35.24428924433887,104.33145904226573,10.721106801435013,0,3,0,0,0
244.3518450676347,-556.1021550921723,35.20441889185459,104.66907874965091,10.723367961712217,0,3,0,0,0
244.07305217330577,-555.0684658773243,35.165900953859094,105.00019515840656,10.721205830003681,0,3,0,0,0
243.7884290406946,-554.0363853527233,35.12844595946372,105.3445827724416,10.717776395987224,0,3,0,0,0
243.49807901395252,-553.005731428042,35.09052490424365,105.68949638264722,10.71771028026191,0,3,0,0,0
243.20159117813455,-551.9767611771822,35.051535298861566,106.02606432561134,10.718564752006998,0,3,0,0,0
242.89883563865442,-550.9494126411155,35.01316224578768,106.34904636047584,10.720970425193967,0,3,0,0,0
242.58977846393827,-549.9239442730322,34.97618058584631,106.66484046820918,10.723660732325873,0,3,0,0,0
242.27456986589823,-548.90022280626,34.938216229714456,106.97662787298312,10.721890924047777,0,3,0,0,0
241.9539517321391,-547.8783639352769,34.89851807691157,107.3257347900276,10.721550853188798,0,3,0,0,0
241.62782787746983,-546.8581447536126,34.85844012144953,107.71430365066006,10.72081434552269,0,3,0,0,0
241.29346759984037,-545.8408519197255,34.82011271063239,108.08024083627187,10.719963334747934,0,3,0,0,0
240.95271308993688,-544.8252953086048,34.78683119248599,108.4394482574601,10.718421923410213,0,3,0,0,0
240.60539369599428,-543.8123368676752,34.7563948052004,108.79012391478834,10.710404917856568,0,3,0,0,0
240.25255199579988,-542.8018614249304,34.727611863799396,109.1753989822908,10.702792960906322,0,3,0,0,0
239.89360354002565,-541.7939425269142,34.69672532640398,109.59332811063209,10.701650509209799,0,3,0,0,0
239.52789860212943,-540.7893268764019,34.664115492068234,110.01548550722414,10.690039058500629,0,3,0,0,0
239.154684859619,-539.7884961869568,34.63380152713508,110.41398935877068,10.679531409302765,0,3,0,0,0
238.77455861103954,-538.7914028456435,34.60648289769888,110.82810659840501,10.670297465937946,0,3,0,0,0
238.38957600150025,-537.7976157553494,34.58418702222407,111.31891945229863,10.652197080702116,0,3,0,0,0
237.99595747253625,-536.8089198786765,34.56634492315352,111.78495928695149,10.636508952451882,0,3,0,0,0
237.59404861921212,-535.8249035580084,34.54915493708104,112.22308015064435,10.630769735107236,0,3,0,0,0
237.1842074355227,-534.8444282710552,34.531201764754954,112.68581874654414,10.623035851028357,0,3,0,0,0
236.7673929083394,-533.8674539839849,34.514702519215646,113.21193242597015,10.61847092324989,0,3,0,0,0
236.34159656713018,-532.8946012612432,34.50202938988805,113.73961918558629,10.620838992319026,0,3,0,0,0
235.9066299200058,-531.9265688806772,34.492438378557566,114.28742855965653,10.609496386031653,0,3,0,0,0
235.46379860240268,-530.9630766613409,34.48798752091825,114.86249593958173,10.594095627333346,0,3,0,0,0
235.01062053698115,-530.0055612828583,34.487473872303966,115.4236912483052,10.588162778395542,0,3,0,0,0
234.5484877495328,-529.0535868573934,34.487893012166026,115.9890053922787,10.577715412973452,0,3,0,0,0
234.07740393816493,-528.1070509012789,34.488408947177234,116.56290761428988,10.568111987975788,0,3,0,0,0
233.59666230919538,-527.1665317937732,34.49085730481893,117.13068071672465,10.556495568189288,0,3,0,0,0
233.10665088775568,-526.2319142222404,34.49347676597536,117.63706212942822,10.54407719107576,0,3,0,0,0
232.60926960303914,-525.3016287097707,34.493505409732464,118.11713178072125,10.542988900520488,0,3,0,0,0
232.10436503757956,-524.3763342518359,34.49320092312992,118.58787621732422,10.534810937553363,0,3,0,0,0
231.59399761346867,-523.455126490444,34.49741879925132,119.06421986695665,10.523826095958817,0,3,0,0,0
231.0771710445988,-522.5389646813273,34.50640823673457,119.52419411595564,10.509573625872527,0,3,0,0,0
230.55290728877299,-521.6283409846947,34.517462036386135,119.98017778055491,10.50137572845404,0,3,0,0,0
230.02130583458347,-520.7229144060984,34.52773066218943,120.38088448778672,10.491429811196879,0,3,0,0,0
229.48232994502177,-519.8225754788145,34.536351941339674,120.71253043379178,10.491373107369723,0,3,0,0,0
228.93891545734368,-518.925178441219,34.54224245604128,121.03561525727447,10.488028196165029,0,3,0,0,0
228.39142728835577,-518.030509935692,34.54498304128647,121.34685832151803,10.488247062397908,0,3,0,0,0
227.8408977201907,-517.1379939410836,34.54495129529387,121.66847768093831,10.483377765522583,0,3,0,0,0
227.28613872389542,-516.2487203357741,34.54624616149813,121.94301648452226,10.477848673242521,0,3,0,0,0
226.7259934716276,-515.3633914701641,34.55133706778288,122.14332545660871,10.472357870423275,0,3,0,0,0
226.16292211873224,-514.4805516088381,34.56193523090333,122.3493141743015,10.468349109606587,0,3,0,0,0
225.59694284957368,-513.5998372342438,34.57426436040551,122.56103362133636,10.470436746033338,0,3,0,0,0
225.02822455606656,-512.7211282206699,34.58189154863358,122.76064145249224,10.468351125513122,0,3,0,0,0
224.45585402962752,-511.8449219400063,34.582873611524704,122.90205596520221,10.464429614229559,0,3,0,0,0
223.8812629583408,-510.9701850330457,34.58139302749187,123.03004374886814,10.466658358270248,0,3,0,0,0
223.3053452388267,-510.0965431155637,34.58401747029275,123.16753777651111,10.460541325711237,0,3,0,0,0
222.72778754745377,-509.22435566037893,34.591590990126136,123.29295233756007,10.458963477540157,0,3,0,0,0
222.14791196072474,-508.35287342220545,34.59961647987366,123.39252213462022,10.459173736994755,0,3,0,0,0
221.56528185197385,-507.4797279359773,34.60427967440337,123.45908470615632,10.461528601495814,0,3,0,0,0
220.98203852539882,-506.60691310837865,34.6077227152884,123.52618329299818,10.45970782901096,0,3,0,0,0
220.39879508886952,-505.7344940751791,34.61102916095406,123.60960408818585,10.458171430165736,0,3,0,0,0
219.81417337589664,-504.86281529814005,34.61635073628277,123.6749185877122,10.45869270219303,0,3,0,0,0
219.22811059182277,-503.99250266700983,34.62231142520905,123.72747360062507,10.459242359193741,0,3,0,0,0
218.64141044794815,-503.1224144920707,34.62910284083337,123.7667675635978,10.459799204836855,0,3,0,0,0
218.05401455634274,-502.2531082862988,34.63541643302888,123.80723577213844,10.460972037863252,0,3,0,0,0
217.46566348191118,-501.3841571621597,34.642038891837004,123.84016605014573,10.46309885176685,0,3,0,0,0
216.8766422024928,-500.5159272402525,34.647955678217116,123.86702482612253,10.46367640213776,0,3,0,0,0
216.28626723052002,-499.6477452060208,34.65271339826286,123.88898621068228,10.468858756937092,0,3,0,0,0
215.69537572201807,-498.77938768360764,34.65654006395489,123.90406307106602,10.469584459285604,0,3,0,0,0
215.10444969398668,-497.9106225594878,34.6612284488976,123.91595174537876,10.469025839168951,0,3,0,0,0
214.513310364855,-497.04193720407784,34.666379335150125,123.92583351254072,10.478373555111572,0,3,0,0,0
213.92224978969898,-496.1726694088429,34.6694903800264,123.94551104288249,10.479639176171043,0,3,0,0,0
213.3308301733341,-495.3035908360034,34.67133897803724,123.93002614988049,10.48525948676695,0,3,0,0,0
212.7389915243839,-494.4340590201318,34.67334398515523,123.89587051254549,10.489833310105352,0,3,0,0,0
212.14807418023702,-493.5637136939913,34.6763902341947,123.88048605710517,10.49209815000326,0,3,0,0,0
211.55705122911604,-492.6926681548357,34.68051624745131,123.86536511915709,10.500112493599314,0,3,0,0,0
210.9664490345749,-491.8212294355035,34.68335521668196,123.86091928311855,10.503632370294364,0,3,0,0,0
